Provincia;Nombre del Canton;Nombre de la Parroquia;Hombre;Mujer;Total
Azuay;CAMILO PONCE ENRIQUEZ         ; CAMILO PONCE ENRIQUEZ;9.766;7.638;17.404
;; EL CARMEN DE PIJILI;2.445;2.149;4.594
;; Total;12.211;9.787;21.998
;CHORDELEG                     ; CHORDELEG;3.241;3.546;6.787
;; LA UNION;867;1.029;1.896
;; LUIS GALARZA ORELLANA;661;833;1.494
;; PRINCIPAL;597;734;1.331
;; SAN MARTIN DE PUZHIO;455;614;1.069
;; Total;5.821;6.756;12.577
;CUENCA                        ; BA헲S;7.868;8.983;16.851
;; CHAUCHA;617;680;1.297
;; CHECA (JIDCAY);1.182;1.559;2.741
;; CHIQUINTAD;2.251;2.575;4.826
;; CUENCA;158.365;173.523;331.888
;; CUMBE;2.480;3.066;5.546
;; LLACAO;2.487;2.855;5.342
;; MOLLETURO;3.681;3.485;7.166
;; NULTI;2.107;2.217;4.324
;; OCTAVIO CORDERO PALACIOS;983;1.288;2.271
;; PACCHA;2.961;3.506;6.467
;; QUINGEO;3.421;4.029;7.450
;; RICAURTE;9.247;10.114;19.361
;; SAN JOAQUIN;3.522;3.933;7.455
;; SANTA ANA;2.472;2.894;5.366
;; SAYAUSI;3.943;4.449;8.392
;; SIDCAY;1.743;2.221;3.964
;; SININCAY;7.277;8.582;15.859
;; TARQUI;4.833;5.657;10.490
;; TURI;4.177;4.787;8.964
;; VALLE;11.489;12.825;24.314
;; VICTORIA DEL PORTETE;2.391;2.860;5.251
;; Total;239.497;266.088;505.585
;EL PAN                        ; EL PAN;569;627;1.196
;; SAN VICENTE;851;989;1.840
;; Total;1.420;1.616;3.036
;GIRON                         ; ASUNCION;1.429;1.622;3.051
;; GIRON;3.834;4.603;8.437
;; SAN GERARDO;514;605;1.119
;; Total;5.777;6.830;12.607
;GUACHAPALA                    ; GUACHAPALA;1.560;1.849;3.409
;; Total;1.560;1.849;3.409
;GUALACEO                      ; DANIEL CORDOVA TORAL;722;980;1.702
;; GUALACEO;9.973;11.470;21.443
;; JADAN;2.042;2.284;4.326
;; LUIS CORDERO VEGA;902;1.128;2.030
;; MARIANO MORENO;1.181;1.435;2.616
;; REMIGIO CRESPO TORAL;616;798;1.414
;; SAN JUAN;2.314;2.991;5.305
;; SIMON BOLIVAR;515;613;1.128
;; ZHIDMAD;1.216;1.529;2.745
;; Total;19.481;23.228;42.709
;NABON                         ; COCHAPATA;1.410;1.662;3.072
;; EL PROGRESO;966;1.046;2.012
;; LAS NIEVES (CHAYA);605;677;1.282
;; NABON;4.359;5.167;9.526
;; Total;7.340;8.552;15.892
;O헤                           ; O헤;1.091;1.304;2.395
;; SUSUDEL;556;632;1.188
;; Total;1.647;1.936;3.583
;PAUTE                         ; BULAN;994;1.179;2.173
;; CHICAN;1.694;1.950;3.644
;; DUG-DUG;860;1.043;1.903
;; EL CABO;1.553;1.767;3.320
;; GUARAINAG;390;456;846
;; PAUTE;4.635;5.215;9.850
;; SAN CRISTOBAL;1.122;1.290;2.412
;; TOMEBAMBA;633;713;1.346
;; Total;11.881;13.613;25.494
;PUCARA                        ; PUCARA;3.985;4.230;8.215
;; SAN RAFAEL DE SHARUG;913;924;1.837
;; Total;4.898;5.154;10.052
;SAN FERNANDO                  ; CHUMBLIN;327;422;749
;; SAN FERNANDO;1.417;1.827;3.244
;; Total;1.744;2.249;3.993
;SANTA ISABEL                  ; ABDON CALDERON;2.291;2.340;4.631
;; SANTA ISABEL;5.603;6.004;11.607
;; ZHAGLLI;1.016;1.139;2.155
;; Total;8.910;9.483;18.393
;SEVILLA DE ORO                ; AMALUZA;833;590;1.423
;; PALMAS;1.075;1.146;2.221
;; SEVILLA DE ORO;1.034;1.211;2.245
;; Total;2.942;2.947;5.889
;SIGSIG                        ; CUCHIL;725;963;1.688
;; GIMA;1.299;1.587;2.886
;; GUEL;564;784;1.348
;; LUDO;1.494;1.872;3.366
;; SAN BARTOLOME;1.834;2.267;4.101
;; SAN JOSE DE RARANGA;1.040;1.311;2.351
;; SIGSIG;4.959;6.211;11.170
;; Total;11.915;14.995;26.910
;Total;;337.044;375.083;712.127
Bolivar;CALUMA                        ; CALUMA;6.509;6.620;13.129
;; Total;6.509;6.620;13.129
;CHILLANES                     ; CHILLANES;6.659;6.615;13.274
;; SAN JOSE DEL TAMBO;2.192;1.940;4.132
;; Total;8.851;8.555;17.406
;ECHEANDIA                     ; ECHEANDIA;6.149;5.965;12.114
;; Total;6.149;5.965;12.114
;GUARANDA                      ; FACUNDO VELA;1.712;1.607;3.319
;; GUARANDA;26.155;29.219;55.374
;; JULIO E. MORENO;1.443;1.505;2.948
;; SALINAS;2.944;2.877;5.821
;; SAN LORENZO;929;928;1.857
;; SAN LUIS DE PAMBIL;2.779;2.578;5.357
;; SAN SIMON (YACOTO);2.048;2.155;4.203
;; SANTAFE (SANTA FE);822;930;1.752
;; SIMIATUG;5.521;5.725;11.246
;; Total;44.353;47.524;91.877
;LAS NAVES                     ; LAS NAVES;3.135;2.957;6.092
;; Total;3.135;2.957;6.092
;SAN JOSE DE CHIMBO            ; ASUNCION (ASANCOTO);1.366;1.471;2.837
;; MAGDALENA (CHAPACOTO);1.349;1.470;2.819
;; SAN JOSE DE CHIMBO;2.734;3.075;5.809
;; SAN SEBASTIAN;535;522;1.057
;; TELIMBELA;1.669;1.588;3.257
;; Total;7.653;8.126;15.779
;SAN MIGUEL                    ; BALSAPAMBA;1.415;1.350;2.765
;; BILOVAN;1.375;1.370;2.745
;; REGULO DE MORA;468;476;944
;; SAN MIGUEL;5.880;6.529;12.409
;; SAN PABLO;2.640;2.849;5.489
;; SAN VICENTE;572;571;1.143
;; SANTIAGO;875;874;1.749
;; Total;13.225;14.019;27.244
; Total;;89.875;93.766;183.641
Ca人r;AZOGUES                       ; AZOGUES;17.667;20.328;37.995
;; COJITAMBO;1.594;2.095;3.689
;; GUAPAN;3.933;4.920;8.853
;; JAVIER LOYOLA;3.142;3.665;6.807
;; LUIS CORDERO;1.690;2.181;3.871
;; PINDILIG;973;1.130;2.103
;; RIVERA;722;820;1.542
;; SAN MIGUEL;1.613;1.954;3.567
;; TADAY;754;883;1.637
;; Total;32.088;37.976;70.064
;BIBLIAN                       ; BIBLIAN;6.106;7.599;13.705
;; JERUSALEN;761;984;1.745
;; NAZON;1.106;1.459;2.565
;; SAN FRANCISCO DE SAGEO;765;966;1.731
;; TURUPAMBA;455;616;1.071
;; Total;9.193;11.624;20.817
;CA헤R                         ; CA헤R;8.509;9.826;18.335
;; CHONTAMARCA;1.916;2.224;4.140
;; CHOROCOPTE;1.397;1.691;3.088
;; DUCUR;2.077;2.076;4.153
;; GENERAL MORALES;1.609;1.791;3.400
;; GUALLETURO;1.756;2.086;3.842
;; HONORATO VASQUEZ;2.697;3.529;6.226
;; INGAPIRCA;3.683;4.657;8.340
;; JUNCAL;976;1.193;2.169
;; SAN ANTONIO;1.024;950;1.974
;; VENTURA;632;656;1.288
;; ZHUD;1.094;1.274;2.368
;; Total;27.370;31.953;59.323
;DELEG                         ; DELEG;1.878;2.555;4.433
;; SOLANO;751;916;1.667
;; Total;2.629;3.471;6.100
;EL TAMBO                      ; EL TAMBO;4.364;5.111;9.475
;; Total;4.364;5.111;9.475
;LA TRONCAL                    ; LA TRONCAL;21.176;21.434;42.610
;; MANUEL J. CALLE;1.442;1.323;2.765
;; PANCHO NEGRO;4.702;4.312;9.014
;; Total;27.320;27.069;54.389
;SUSCAL                        ; SUSCAL;2.271;2.745;5.016
;; Total;2.271;2.745;5.016
; Total;;105.235;119.949;225.184
Carchi;BOLIVAR                       ; BOLIVAR;2.623;2.583;5.206
;; GARCIA MORENO;695;711;1.406
;; LOS ANDES;1.082;1.178;2.260
;; MONTE OLIVO;889;801;1.690
;; SAN RAFAEL;873;868;1.741
;; SAN VICENTE DE PUSIR;1.004;1.040;2.044
;; Total;7.166;7.181;14.347
;ESPEJO                        ; EL ANGEL;3.044;3.281;6.325
;; EL GOALTAL;436;380;816
;; LA LIBERTAD (ALIZO);1.741;1.761;3.502
;; SAN ISIDRO;1.306;1.415;2.721
;; Total;6.527;6.837;13.364
;;;Hombre;Mujer;Total
;MIRA                          ; CONCEPCION;1.414;1.393;2.807
;; JIJON Y CAAMA헲;1.101;970;2.071
;; JUAN MONTALVO;671;637;1.308
;; MIRA (CHONTAHUASI);2.935;3.059;5.994
;; Total;6.121;6.059;12.180
;MONTUFAR                      ; CHITAN DE NAVARRETE;313;305;618
;; CRISTOBAL COLON;1.449;1.494;2.943
;; FERNANDEZ SALVADOR;663;619;1.282
;; LA PAZ;1.665;1.767;3.432
;; PIARTAL;586;554;1.140
;; SAN GABRIEL;10.234;10.862;21.096
;; Total;14.910;15.601;30.511
;SAN PEDRO DE HUACA            ; HUACA;3.163;3.078;6.241
;; MARISCAL SUCRE;684;699;1.383
;; Total;3.847;3.777;7.624
;TULCAN                        ; EL CARMELO (EL PUN);1.405;1.384;2.789
;; EL CHICAL;1.756;1.681;3.437
;; JULIO ANDRADE (OREJUELA);4.876;4.758;9.634
;; MALDONADO;893;810;1.703
;; PIOTER;367;351;718
;; SANTA MARTHA DE CUBA;1.196;1.170;2.366
;; TOBAR DONOSO (LA BOCANA);473;432;905
;; TUFI헲;1.171;1.168;2.339
;; TULCAN;29.312;31.091;60.403
;; URBINA (TAYA);1.135;1.069;2.204
;; Total;42.584;43.914;86.498
;Total;;81.155;83.369;164.524
Cotopaxi;LA MANA                       ; GUASAGANDA;1.997;1.911;3.908
;; LA MANA;18.359;17.895;36.254
;; PUCAYACU;1.064;990;2.054
;; Total;21.420;20.796;42.216
;LATACUNGA                     ; 11 DE NOVIEMBRE (ILINCHI;944;1.044;1.988
;; ALAQUES (ALAQUEZ);2.625;2.856;5.481
;; BELISARIO QUEVEDO;2.991;3.368;6.359
;; GUAITACAMA (GUAYTACAMA);5.128;4.540;9.668
;; JOSEGUANGO BAJO;1.380;1.489;2.869
;; LATACUNGA;47.143;51.212;98.355
;; MULALO;3.870;4.225;8.095
;; POALO;2.732;2.977;5.709
;; SAN JUAN DE PASTOCALLE;5.494;5.955;11.449
;; TANICUCHI;6.256;6.575;12.831
;; TOACASO;3.738;3.947;7.685
;; Total;82.301;88.188;170.489
;PANGUA                        ; EL CORAZON;3.267;3.298;6.565
;; MORASPUNGO;6.553;5.823;12.376
;; PINLLOPATA;530;500;1.030
;; RAMON CAMPA헤;990;1.004;1.994
;; Total;11.340;10.625;21.965
;PUJILI                        ; ANGAMARCA;2.480;2.769;5.249
;; GUANGAJE;3.809;4.217;8.026
;; LA VICTORIA;1.438;1.578;3.016
;; PILALO;1.272;1.368;2.640
;; PUJILI;15.732;17.698;33.430
;; TINGO;2.081;1.970;4.051
;; ZUMBAHUA;5.924;6.719;12.643
;; Total;32.736;36.319;69.055
;SALCEDO                       ; ANTONIO JOSE HOLGUIN;1.256;1.408;2.664
;; CUSUBAMBA;3.490;3.710;7.200
;; MULALILLO;2.982;3.397;6.379
;; MULLIQUINDIL (SANTA ANA);3.516;3.687;7.203
;; PANSALEO;1.586;1.869;3.455
;; SAN MIGUEL;15.050;16.265;31.315
;; Total;27.880;30.336;58.216
;SAQUISILI                     ; CANCHAGUA;2.614;2.841;5.455
;; CHANTILIN;453;582;1.035
;; COCHAPAMBA;2.557;2.869;5.426
;; SAQUISILI;6.333;7.071;13.404
;; Total;11.957;13.363;25.320
;SIGCHOS                       ; CHUGCHILAN;3.797;4.014;7.811
;; ISINLIVI;1.625;1.602;3.227
;; LAS PAMPAS;1.024;919;1.943
;; PALO QUEMADO;567;463;1.030
;; SIGCHOS;3.978;3.955;7.933
;; Total;10.991;10.953;21.944
;Total;;198.625;210.580;409.205
Chimborazo;ALAUSI                        ; ACHUPALLAS;5.004;5.525;10.529
;; ALAUSI;4.935;5.275;10.210
;; GUASUNTOS;1.101;1.312;2.413
;; HUIGRA;1.147;1.205;2.352
;; MULTITUD;1.058;1.026;2.084
;; PISTISHI (NARIZ DEL DIABLO);165;180;345
;; PUMALLACTA (PUMAL-LACTA);412;493;905
;; SEVILLA;370;433;803
;; SIBAMBE;1.898;1.971;3.869
;; TIXAN;5.098;5.481;10.579
;; Total;21.188;22.901;44.089
;CHAMBO                        ; CHAMBO;5.660;6.225;11.885
;; Total;5.660;6.225;11.885
;CHUNCHI                       ; CAPZOL;426;473;899
;; CHUNCHI;3.556;3.849;7.405
;; COMPUD;423;455;878
;; GONZOL;824;905;1.729
;; LLAGOS;833;942;1.775
;; Total;6.062;6.624;12.686
;COLTA                         ; CA헬;486;476;962
;; COLUMBE;7.776;8.086;15.862
;; JUAN DE VELASCO (PANGOR);1.926;1.992;3.918
;; SANTIAGO DE QUITO;2.577;3.091;5.668
;; VILLA LA UNION;8.877;9.684;18.561
;; Total;21.642;23.329;44.971
;CUMANDA                       ; CUMANDA;6.343;6.579;12.922
;; Total;6.343;6.579;12.922
;GUAMOTE                       ; CEBADAS;4.019;4.199;8.218
;; GUAMOTE;12.098;12.540;24.638
;; PALMIRA;6.062;6.235;12.297
;; Total;22.179;22.974;45.153
;GUANO                         ; GUANANDO;183;158;341
;; GUANO;7.823;8.694;16.517
;; ILAPO;810;852;1.662
;; LA PROVIDENCIA;267;286;553
;; SAN ANDRES;6.477;7.004;13.481
;; SAN GERARDO DE PACAICAGUAN;1.106;1.333;2.439
;; SAN ISIDRO DE PATULU;2.301;2.443;4.744
;; SAN JOSE DEL CHAZO;495;542;1.037
;; SANTA FE DE GALAN;822;851;1.673
;; VALPARAISO;211;193;404
;; Total;20.495;22.356;42.851
;PALLATANGA                    ; PALLATANGA;5.718;5.826;11.544
;; Total;5.718;5.826;11.544
;PENIPE                        ; BILBAO;102;94;196
;; EL ALTAR;631;634;1.265
;; LA CANDELARIA;239;236;475
;; MATUS;471;520;991
;; PENIPE;1.000;1.089;2.089
;; PUELA;314;308;622
;; SAN ANTONIO DE BAYUSHIG;517;584;1.101
;; Total;3.274;3.465;6.739
;RIOBAMBA                      ; CACHA;1.410;1.750;3.160
;; CALPI;3.012;3.457;6.469
;; CUBIJIES;1.148;1.366;2.514
;; FLORES;2.074;2.472;4.546
;; LICAN;3.853;4.110;7.963
;; LICTO;3.498;4.309;7.807
;; PUNGALA;2.837;3.117;5.954
;; PUNIN;2.710;3.266;5.976
;; QUIMIAG;2.518;2.739;5.257
;; RIOBAMBA;74.634;82.089;156.723
;; SAN JUAN;3.442;3.928;7.370
;; SAN LUIS;5.704;6.298;12.002
;; Total;106.840;118.901;225.741
;Total;;219.401;239.180;458.581
El Oro;ARENILLAS                     ; ARENILLAS;11.057;10.269;21.326
;; CARCABON;391;345;736
;; CHACRAS;818;720;1.538
;; PALMALES;1.682;1.562;3.244
;; Total;13.948;12.896;26.844
;ATAHUALPA                     ; AYAPAMBA;721;666;1.387
;; CERRO AZUL;172;123;295
;; CORDONCILLO;511;492;1.003
;; MILAGRO;248;224;472
;; PACCHA;1.157;1.154;2.311
;; SAN JOSE;201;164;365
;; Total;3.010;2.823;5.833
;BALSAS                        ; BALSAS;2.926;2.704;5.630
;; BELLAMARIA;632;599;1.231
;; Total;3.558;3.303;6.861
;CHILLA                        ; CHILLA;1.274;1.210;2.484
;; Total;1.274;1.210;2.484
;EL GUABO                      ; BARBONES (SUCRE);3.054;2.653;5.707
;; EL GUABO;15.580;14.400;29.980
;; LA IBERIA;1.883;1.826;3.709
;; RIO BONITO;2.953;2.523;5.476
;; TENDALES;2.916;2.221;5.137
;; Total;26.386;23.623;50.009
;HUAQUILLAS                    ; HUAQUILLAS;24.120;24.165;48.285
;; Total;24.120;24.165;48.285
;LAS LAJAS                     ; EL PARAISO;399;362;761
;; LA LIBERTAD;421;381;802
;; LA VICTORIA;1.360;1.272;2.632
;; SAN ISIDRO;309;290;599
;; Total;2.489;2.305;4.794
;MACHALA                       ; EL RETIRO;2.381;1.985;4.366
;; MACHALA;120.643;120.963;241.606
;; Total;123.024;122.948;245.972
;MARCABELI                     ; EL INGENIO;145;107;252
;; MARCABELI;2.636;2.562;5.198
;; Total;2.781;2.669;5.450
;PASAJE                        ; BUENAVISTA;3.447;3.094;6.541
;; CA헤 QUEMADA;972;867;1.839
;; CASACAY;1.260;1.197;2.457
;; LA PEA헤;1.825;1.776;3.601
;; PASAJE;26.743;26.742;53.485
;; PROGRESO;2.079;1.888;3.967
;; UZHCURRUMI;466;450;916
;; Total;36.792;36.014;72.806
;PI헤S                         ; CAPIRO;980;890;1.870
;; LA BOCANA;728;637;1.365
;; MOROMORO;742;629;1.371
;; PIEDRAS;294;275;569
;; PI헤S;8.572;8.829;17.401
;; SAN ROQUE;463;404;867
;; SARACAY;1.366;1.179;2.545
;; Total;13.145;12.843;25.988
;PORTOVELO                     ; CURTINCAPA;277;233;510
;; MORALES;337;330;667
;; PORTOVELO;5.176;4.820;9.996
;; SALATI;535;492;1.027
;; Total;6.325;5.875;12.200
;SANTA ROSA                    ; BELLAMARIA;1.281;1.041;2.322
;; BELLAVISTA;1.421;1.414;2.835
;; JAMBELI;1.084;634;1.718
;; LA AVANZADA;1.126;942;2.068
;; SAN ANTONIO;1.089;1.001;2.090
;; SANTA ROSA;26.455;26.408;52.863
;; TORATA;1.038;915;1.953
;; VICTORIA;1.733;1.454;3.187
;; Total;35.227;33.809;69.036
;ZARUMA                        ; ABA헬N;842;842;1.684
;; ARCAPAMBA;534;461;995
;; GUANAZAN;1.478;1.567;3.045
;; GUIZHAGUI헤;890;814;1.704
;; HUERTAS;1.058;938;1.996
;; MALVAS;640;545;1.185
;; MULUNCAY GRANDE;509;336;845
;; SALVIAS;394;354;748
;; SINSAO;685;651;1.336
;; ZARUMA;5.253;5.306;10.559
;; Total;12.283;11.814;24.097
;Total;;304.362;296.297;600.659
Esmeraldas;ATACAMES                      ; ATACAMES;8.525;8.330;16.855
;; LA UNION;1.304;1.236;2.540
;; SUA;1.781;1.668;3.449
;; TONCHIGUE;4.151;3.850;8.001
;; TONSUPA;5.470;5.211;10.681
;; Total;21.231;20.295;41.526
;ELOY ALFARO                   ; ANCHAYACU;1.432;1.105;2.537
;; ATAHUALPA;733;721;1.454
;; BORBON;3.931;3.765;7.696
;; COLON ELOY DEL MARIA;736;674;1.410
;; LA TOLA;2.268;2.098;4.366
;; LUIS VARGAS TORRES;199;153;352
;; MALDONADO;948;913;1.861
;; PAMPANAL DE BOLIVAR;597;521;1.118
;; SAN FRANCISCO DE ONZOLE;768;662;1.430
;; SAN JOSE DE CAYAPAS;785;728;1.513
;; SANTO DOMINGO DE ONZOLE;1.055;879;1.934
;; SELVA ALEGRE;597;569;1.166
;; TELEMBI;2.944;2.695;5.639
;; TIMBIRE;552;485;1.037
;; VALDEZ (LIMONES);3.503;2.723;6.226
;; Total;21.048;18.691;39.739
;ESMERALDAS                    ; CAMARONES;1.474;1.343;2.817
;; CHINCA;2.369;2.183;4.552
;; CRNEL. CARLOS CONCHA TORRES;1.308;1.046;2.354
;; ESMERALDAS;77.505;84.363;161.868
;; MAJUA;1.373;1.161;2.534
;; SAN MATEO;3.153;2.586;5.739
;; TABIAZO;1.384;1.276;2.660
;; TACHINA;2.014;1.969;3.983
;; VUELTA LARGA;1.496;1.501;2.997
;; Total;92.076;97.428;189.504
;LA CONCORDIA                  ; LA CONCORDIA;21.748;21.176;42.924
;; Total;21.748;21.176;42.924
;MUISNE                        ; BOLIVAR;576;463;1.039
;; DAULE;1.209;944;2.153
;; GALERA;970;763;1.733
;; MUISNE;4.563;4.317;8.880
;; QUINGUE (OLMEDO PERDOMO;307;267;574
;; SALIMA;599;518;1.117
;; SAN FRANCISCO;1.523;1.286;2.809
;; SAN GREGORIO;3.207;2.708;5.915
;; SAN JOSE DE CHAMANGA;2.390;1.864;4.254
;; Total;15.344;13.130;28.474
;QUININDE                      ; CHURA (CHANCAMA);2.617;2.116;4.733
;; CUBE;4.108;3.482;7.590
;; LA UNION;10.314;9.610;19.924
;; MALIMPIA;9.621;8.151;17.772
;; ROSA ZARATE (QUININDE);34.758;32.501;67.259
;; VICHE;2.723;2.569;5.292
;; Total;64.141;58.429;122.570
;RIOVERDE                      ; CHONTADURO;1.743;1.479;3.222
;; CHUMUNDE;1.905;1.607;3.512
;; LAGARTO;3.049;2.625;5.674
;; MONTALVO;2.106;1.903;4.009
;; RIOVERDE;2.564;2.400;4.964
;; ROCAFUERTE;2.805;2.683;5.488
;; Total;14.172;12.697;26.869
;SAN LORENZO                   ; 5 DE JUNIO;219;197;416
;; ALTO TAMBO;1.001;870;1.871
;; ANCON (PICHANGAL);901;913;1.814
;; CALDERON;330;298;628
;; CARONDELET;898;832;1.730
;; CONCEPCION;1.244;1.110;2.354
;; MATAJE;786;689;1.475
;; SAN JAVIER DE CACHAVI;343;321;664
;; SAN LORENZO;12.462;12.634;25.096
;; SANTA RITA;837;802;1.639
;; TAMBILLO;926;817;1.743
;; TULULBI;1.181;1.114;2.295
;; URBINA;424;337;761
;; Total;21.552;20.934;42.486
;Total;;271.312;262.780;534.092
Guayas;ALFREDO BAQUERIZO MORENO      ; ALFREDO BAQUERIZO MORENO;13.013;12.166;25.179
;; Total;13.013;12.166;25.179
;BALAO                         ; BALAO;10.998;9.525;20.523
;; Total;10.998;9.525;20.523
;BALZAR                        ; BALZAR;28.001;25.936;53.937
;; Total;28.001;25.936;53.937
;COLIMES                       ; COLIMES;9.147;8.160;17.307
;; SAN JACINTO;3.276;2.840;6.116
;; Total;12.423;11.000;23.423
;CORONEL MARCELINO MARIDUE헤   ; CORONEL MARCELINO MARIDUE헤;6.265;5.768;12.033
;; Total;6.265;5.768;12.033
;DAULE                         ; DAULE;43.372;44.136;87.508
;; JUAN BAUTISTA AGUIRRE;2.825;2.677;5.502
;; LAUREL;5.093;4.789;9.882
;; LIMONAL;4.497;4.277;8.774
;; LOS LOJAS;4.408;4.252;8.660
;; Total;60.195;60.131;120.326
;DURAN                         ; ELOY ALFARO (DURAN);116.401;119.368;235.769
;; Total;116.401;119.368;235.769
;EL EMPALME                    ; EL ROSARIO;4.730;4.475;9.205
;; GUAYAS (PUEBLO NUEVO);9.313;8.266;17.579
;; VELASCO IBARRA;23.981;23.686;47.667
;; Total;38.024;36.427;74.451
;EL TRIUNFO                    ; EL TRIUNFO;22.824;21.954;44.778
;; Total;22.824;21.954;44.778
;GENERAL ANTONIO ELIZALDE      ; GENERAL ANTONIO ELIZALDE;5.369;5.273;10.642
;; Total;5.369;5.273;10.642
;GUAYAQUIL                     ; GUAYAQUIL;1.127.137;1.164.021;2.291.158
;; JUAN GOMEZ RENDON (PROGR;6.134;5.763;11.897
;; MORRO;2.701;2.318;5.019
;; POSORJA;12.269;11.867;24.136
;; PUNA;3.640;3.129;6.769
;; TENGUEL;6.340;5.596;11.936
;; Total;1.158.221;1.192.694;2.350.915
;ISIDRO AYORA                  ; ISIDRO AYORA;5.585;5.285;10.870
;; Total;5.585;5.285;10.870
;LOMAS DE SARGENTILLO          ; LOMAS DE SARGENTILLO;9.466;8.947;18.413
;; Total;9.466;8.947;18.413
;MILAGRO                       ; CHOBO;2.772;2.649;5.421
;; MARISCAL SUCRE (HUAQUES);2.827;2.538;5.365
;; MILAGRO;72.031;72.994;145.025
;; ROBERTO ASTUDILLO;5.611;5.212;10.823
;; Total;83.241;83.393;166.634
;NARANJAL                      ; JESUS MARIA;3.486;2.941;6.427
;; NARANJAL;20.721;19.118;39.839
;; SAN CARLOS;3.530;2.986;6.516
;; SANTA ROSA DE FLANDES;2.917;2.527;5.444
;; TAURA;5.971;4.815;10.786
;; Total;36.625;32.387;69.012
;NARANJITO                     ; NARANJITO;19.063;18.123;37.186
;; Total;19.063;18.123;37.186
;NOBOL                         ; NARCISA DE JESUS;9.856;9.744;19.600
;; Total;9.856;9.744;19.600
;PALESTINA                     ; PALESTINA;8.354;7.711;16.065
;; Total;8.354;7.711;16.065
;PEDRO CARBO                   ; PEDRO CARBO;16.216;15.101;31.317
;; SABANILLA;3.635;3.254;6.889
;; VALLE DE LA VIRGEN;2.757;2.473;5.230
;; Total;22.608;20.828;43.436
;PLAYAS                        ; GENERAL VILLAMIL;21.242;20.693;41.935
;; Total;21.242;20.693;41.935
;SAMBORONDON                   ; SAMBORONDON;25.249;26.385;51.634
;; TARIFA;8.253;7.703;15.956
;; Total;33.502;34.088;67.590
;SANTA LUCIA                   ; SANTA LUCIA;20.276;18.647;38.923
;; Total;20.276;18.647;38.923
;SIMON BOLIVAR                 ; CRNEL.LORENZO DE GARAICOA;5.729;5.169;10.898
;; SIMON BOLIVAR;7.541;7.044;14.585
;; Total;13.270;12.213;25.483
;URBINA JADO                   ; EL SALITRE (LAS RAMAS);14.399;13.718;28.117
;; GENERAL VERNAZA;5.039;4.472;9.511
;; JUNQUILLAL;6.984;6.320;13.304
;; LA VICTORIA (헤UZA);3.406;3.064;6.470
;; Total;29.828;27.574;57.402
;YAGUACHI                      ; GRAL. PEDRO J. MONTERO;4.332;3.863;8.195
;; VIRGEN DE FATIMA;7.289;6.900;14.189
;; YAGUACHI NUEVO;13.429;13.188;26.617
;; YAGUACHI VIEJO (CONE);6.214;5.743;11.957
;; Total;31.264;29.694;60.958
;Total;;1.815.914;1.829.569;3.645.483
Imbabura;ANTONIO ANTE                  ; ATUNTAQUI;11.208;12.091;23.299
;; IMBAYA;652;627;1.279
;; SAN FRANCISCO DE NATABUE;2.719;2.932;5.651
;; SAN JOSE DE CHALTURA;1.503;1.644;3.147
;; SAN ROQUE;4.987;5.155;10.142
;; Total;21.069;22.449;43.518
;COTACACHI                     ; 6 DE JULIO DE CUELLAJE;936;844;1.780
;; APUELA;942;882;1.824
;; COTACACHI;8.398;8.741;17.139
;; GARCIA MORENO;2.675;2.385;5.060
;; IMANTAG;2.424;2.517;4.941
;; PE헤HERRERA;850;794;1.644
;; PLAZA GUTIERREZ;260;236;496
;; QUIROGA;3.210;3.244;6.454
;; VACAS GALINDO (EL CHURO);395;303;698
;; Total;20.090;19.946;40.036
;IBARRA                        ; AMBUQUI;2.707;2.770;5.477
;; ANGOCHAGUA;1.510;1.753;3.263
;; CAROLINA;1.448;1.291;2.739
;; IBARRA;67.165;72.556;139.721
;; LA ESPERANZA;3.686;3.677;7.363
;; LITA;1.788;1.561;3.349
;; SALINAS;887;854;1.741
;; SAN ANTONIO;8.595;8.927;17.522
;; Total;87.786;93.389;181.175
;OTAVALO                       ; DR. MIGUEL EGAS CABEZAS;2.344;2.539;4.883
;; EUGENIO ESPEJO (CALPAQUI);3.499;3.858;7.357
;; GONZALEZ SUAREZ;2.753;2.877;5.630
;; OTAVALO;25.274;27.479;52.753
;; PATAQUI;128;141;269
;; SAN JOSE DE QUICHINCHE;4.142;4.334;8.476
;; SAN JUAN DE ILUMAN;4.186;4.398;8.584
;; SAN PABLO;4.701;5.200;9.901
;; SAN RAFAEL;2.561;2.860;5.421
;; SELVA ALEGRE;858;742;1.600
;; Total;50.446;54.428;104.874
;PIMAMPIRO                     ; CHUGA;577;503;1.080
;; MARIANO ACOSTA;756;788;1.544
;; PIMAMPIRO;4.459;4.618;9.077
;; SAN FRANCISCO DE SIGSIPA;656;613;1.269
;; Total;6.448;6.522;12.970
;SAN MIGUEL DE URCUQUI         ; CAHUASQUI;936;877;1.813
;; LA MERCED DE BUENOS AIRES;989;904;1.893
;; PABLO ARENAS;1.068;1.050;2.118
;; SAN BLAS;1.468;1.547;3.015
;; TUMBABIRO;816;811;1.627
;; URCUQUI;2.548;2.657;5.205
;; Total;7.825;7.846;15.671
;Total; Total;193.664;204.580;398.244
Loja;CALVAS                        ; CARIAMANGA;10.402;10.899;21.301
;; COLAISACA;941;913;1.854
;; EL LUCERO;1.037;988;2.025
;; SANGILLIN;866;802;1.668
;; UTUANA;704;633;1.337
;; Total;13.950;14.235;28.185
;CATAMAYO                      ; CATAMAYO (LA TOMA);11.577;11.878;23.455
;; EL TAMBO;2.375;2.255;4.630
;; GUAYQUICHUMA;198;185;383
;; SAN PEDRO DE LA BENDITA;780;810;1.590
;; ZAMBI;296;284;580
;; Total;15.226;15.412;30.638
;CELICA                        ; CELICA;3.773;3.550;7.323
;; CRUZPAMBA;576;518;1.094
;; POZUL (SAN JUAN DE POZUL;1.520;1.515;3.035
;; SABANILLA;1.318;1.125;2.443
;; TNTE. MAXIMILIANO RODRIG;319;254;573
;; Total;7.506;6.962;14.468
;CHAGUARPAMBA                  ; AMARILLOS;346;317;663
;; BUENAVISTA;627;587;1.214
;; CHAGUARPAMBA;1.877;1.702;3.579
;; EL ROSARIO;255;240;495
;; SANTA RUFINA;629;581;1.210
;; Total;3.734;3.427;7.161
;ESPINDOLA                     ; 27 DE ABRIL;1.084;1.002;2.086
;; AMALUZA;1.745;1.693;3.438
;; BELLAVISTA;1.219;1.116;2.335
;; EL AIRO;536;461;997
;; EL INGENIO;964;907;1.871
;; JIMBURA;1.169;1.147;2.316
;; SANTA TERESITA;881;875;1.756
;; Total;7.598;7.201;14.799
;GONZANAMA                     ; CHANGAIMINA (LA LIBERTAD;1.390;1.361;2.751
;; GONZANAMA;1.205;1.316;2.521
;; NAMBACOLA;2.291;2.229;4.520
;; PURUNUMA (EGUIGUREN);404;352;756
;; SACAPALCA;1.100;1.068;2.168
;; Total;6.390;6.326;12.716
;LOJA                          ; CHANTACO;560;617;1.177
;; CHUQUIRIBAMBA;1.140;1.326;2.466
;; EL CISNE;783;845;1.628
;; GUALEL;950;1.110;2.060
;; JIMBILLA;563;551;1.114
;; LOJA;86.631;93.986;180.617
;; MALACATOS (VALLADOLID);3.577;3.537;7.114
;; QUINARA;720;664;1.384
;; SAN LUCAS;2.210;2.463;4.673
;; SAN PEDRO DE VILCABAMBA;650;639;1.289
;; SANTIAGO;666;707;1.373
;; TAQUIL (MIGUEL RIOFRIO);1.819;1.844;3.663
;; VILCABAMBA (VICTORIA);2.365;2.413;4.778
;; YANGANA (ARSENIO CASTILLO);836;683;1.519
;; Total;103.470;111.385;214.855
;MACARA                        ; LA VICTORIA;799;758;1.557
;; LARAMA;564;516;1.080
;; MACARA;7.959;7.771;15.730
;; SABIANGO (LA CAPILLA);327;324;651
;; Total;9.649;9.369;19.018
;OLMEDO                        ; LA TINGUE;360;308;668
;; OLMEDO;2.062;2.140;4.202
;; Total;2.422;2.448;4.870
;PALTAS                        ; CANGONAMA;636;635;1.271
;; CASANGA;931;874;1.805
;; CATACOCHA;5.943;6.259;12.202
;; GUACHANAMA;1.383;1.219;2.602
;; LAURO GUERRERO;915;910;1.825
;; ORIANGA;890;873;1.763
;; SAN ANTONIO;563;528;1.091
;; YAMANA;620;622;1.242
;; Total;11.881;11.920;23.801
;PINDAL                        ; 12 DE DICIEMBRE;989;902;1.891
;; CHAQUINAL;583;506;1.089
;; PINDAL;2.930;2.735;5.665
;; Total;4.502;4.143;8.645
;PUYANGO                       ; ALAMOR;4.119;4.177;8.296
;; CIANO;721;705;1.426
;; EL ARENAL;511;470;981
;; EL LIMO (MARIANA DE JESUS);1.290;1.080;2.370
;; MERCADILLO;599;575;1.174
;; VICENTINO;646;620;1.266
;; Total;7.886;7.627;15.513
;QUILANGA                      ; FUNDOCHAMBA;190;163;353
;; QUILANGA;1.386;1.335;2.721
;; SAN ANTONIO DE LAS ARADAS;645;618;1.263
;; Total;2.221;2.116;4.337
;SARAGURO                      ; EL PARAISO DE CELEN;1.256;1.501;2.757
;; EL TABLON;437;480;917
;; LLUZHAPA;834;871;1.705
;; MANU;1.255;1.413;2.668
;; SAN ANTONIO DE QUMBE;530;616;1.146
;; SAN PABLO DE TENTA;1.747;1.929;3.676
;; SAN SEBASTIAN DE YULUC;479;503;982
;; SARAGURO;4.228;4.817;9.045
;; SELVA ALEGRE;903;1.024;1.927
;; SUMAYPAMBA;769;825;1.594
;; URDANETA (PAQUISHAPA);1.685;2.081;3.766
;; Total;14.123;16.060;30.183
;SOZORANGA                     ; NUEVA FATIMA;466;437;903
;; SOZORANGA;1.974;1.787;3.761
;; TACAMOROS;1.355;1.446;2.801
;; Total;3.795;3.670;7.465
;ZAPOTILLO                     ; BOLASPAMBA;594;492;1.086
;; CAZADEROS;638;534;1.172
;; GARZAREAL;962;820;1.782
;; LIMONES;747;663;1.410
;; PALETILLAS;1.379;1.252;2.631
;; ZAPOTILLO;2.121;2.110;4.231
;; Total;6.441;5.871;12.312
;Total;;220.794;228.172;448.966
Los Rios;BABA                          ; BABA;9.845;8.998;18.843
;; GUARE;6.067;5.380;11.447
;; ISLA DE BEJUCAL;4.853;4.538;9.391
;; Total;20.765;18.916;39.681
;BABAHOYO                      ; BABAHOYO;48.220;48.736;96.956
;; CARACOL;2.688;2.424;5.112
;; FEBRES CORDERO (LAS JUNTAS);9.442;8.543;17.985
;; LA UNION;6.635;6.062;12.697
;; PIMOCHA;10.982;10.044;21.026
;; Total;77.967;75.809;153.776
;BUENA FE                      ; PATRICIA PILAR;6.441;5.837;12.278
;; SAN JACINTO DE BUENA FE;26.208;24.662;50.870
;; Total;32.649;30.499;63.148
;MOCACHE                       ; MOCACHE;19.996;18.396;38.392
;; Total;19.996;18.396;38.392
;MONTALVO                      ; MONTALVO;12.298;11.866;24.164
;; Total;12.298;11.866;24.164
;PALENQUE                      ; PALENQUE;11.841;10.479;22.320
;; Total;11.841;10.479;22.320
;PUEBLOVIEJO                   ; PUEBLOVIEJO;6.828;6.548;13.376
;; PUERTO PECHICHE;2.412;2.262;4.674
;; SAN JUAN;9.374;9.053;18.427
;; Total;18.614;17.863;36.477
;QUEVEDO                       ; LA ESPERANZA;2.509;2.344;4.853
;; QUEVEDO;79.218;79.476;158.694
;; SAN CARLOS;5.094;4.934;10.028
;; Total;86.821;86.754;173.575
;QUINSALOMA                    ; QUINSALOMA;8.627;7.849;16.476
;; Total;8.627;7.849;16.476
;URDANETA                      ; CATARAMA;4.305;4.286;8.591
;; RICAURTE;10.758;9.914;20.672
;; Total;15.063;14.200;29.263
;VALENCIA                      ; VALENCIA;22.592;19.964;42.556
;; Total;22.592;19.964;42.556
;VENTANAS                      ; VENTANAS;22.916;22.735;45.651
;; ZAPOTAL;10.869;10.031;20.900
;; Total;33.785;32.766;66.551
;VINCES                        ; ANTONIO SOTOMAYOR;8.673;7.620;16.293
;; VINCES;28.408;27.035;55.443
;; Total;37.081;34.655;71.736
;Total;;398.099;380.016;778.115
Manabi;24 DE MAYO                    ; ARQ. SIXTO DURAN BALLEN;2.091;1.861;3.952
;; BELLAVISTA;2.512;2.408;4.920
;; NOBOA;3.440;3.108;6.548
;; SUCRE;6.858;6.568;13.426
;; Total;14.901;13.945;28.846
;BOLIVAR                       ; CALCETA;16.660;16.755;33.415
;; MEMBRILLO;1.849;1.704;3.553
;; QUIROGA;2.305;1.462;3.767
;; Total;20.814;19.921;40.735
;CHONE                         ; BOYACA;2.377;2.124;4.501
;; CANUTO;5.212;5.143;10.355
;; CHIBUNGA;3.455;2.905;6.360
;; CHONE;36.669;38.237;74.906
;; CONVENTO;3.424;3.154;6.578
;; ELOY ALFARO;4.036;3.796;7.832
;; RICAURTE;4.047;3.873;7.920
;; SAN ANTONIO;4.063;3.976;8.039
;; Total;63.283;63.208;126.491
;EL CARMEN                     ; EL CARMEN;39.567;38.176;77.743
;; SAN PEDRO DE SUMA;3.521;3.171;6.692
;; WILFRIDO LOOR MOREIRA;2.429;2.157;4.586
;; Total;45.517;43.504;89.021
;FLAVIO ALFARO                 ; FLAVIO ALFARO;9.500;9.036;18.536
;; SAN FRANCISCO DE NOVILLO;1.502;1.277;2.779
;; ZAPALLO;1.907;1.782;3.689
;; Total;12.909;12.095;25.004
;JAMA                          ; JAMA;11.850;11.403;23.253
;; Total;11.850;11.403;23.253
;JARAMIJO                      ; JARAMIJO;9.511;8.975;18.486
;; Total;9.511;8.975;18.486
;JIPIJAPA                      ; AMERICA;1.638;1.422;3.060
;; EL ANEGADO;3.656;3.208;6.864
;; JIPIJAPA;24.301;24.775;49.076
;; JULCUY;1.150;1.025;2.175
;; LA UNION;1.062;879;1.941
;; MEMBRILLAL;560;445;1.005
;; PEDRO PABLO GOMEZ;1.897;1.667;3.564
;; PUERTO DE CAYO;1.807;1.591;3.398
;; Total;36.071;35.012;71.083
;JUNIN                         ; JUNIN;9.750;9.192;18.942
;; Total;9.750;9.192;18.942
;MANTA                         ; MANTA;108.677;112.445;221.122
;; SAN LORENZO;1.374;1.273;2.647
;; SANTA MARIANITA;1.352;1.356;2.708
;; Total;111.403;115.074;226.477
;MONTECRISTI                   ; LA PILA;1.286;1.166;2.452
;; MONTECRISTI;34.018;33.824;67.842
;; Total;35.304;34.990;70.294
;OLMEDO                        ; OLMEDO;5.083;4.761;9.844
;; Total;5.083;4.761;9.844
;PAJAN                         ; CAMPOZANO;4.530;3.977;8.507
;; CASCOL;3.917;3.275;7.192
;; GUALE;2.043;1.888;3.931
;; LASCANO;2.732;2.445;5.177
;; PAJAN;6.307;5.959;12.266
;; Total;19.529;17.544;37.073
;PEDERNALES                    ; 10 DE AGOSTO;2.680;2.532;5.212
;; ATAHUALPA;1.310;1.258;2.568
;; COJIMIES;7.241;6.467;13.708
;; PEDERNALES;17.189;16.451;33.640
;; Total;28.420;26.708;55.128
;PICHINCHA                     ; BARRAGANETE;4.010;3.557;7.567
;; PICHINCHA;9.000;8.416;17.416
;; SAN SEBASTIAN;2.663;2.598;5.261
;; Total;15.673;14.571;30.244
;PORTOVIEJO                    ; ABDON CALDERON;7.204;6.960;14.164
;; ALHAJUELA (BAJO GRANDE);1.844;1.910;3.754
;; CHIRIJOS;1.204;1.158;2.362
;; CRUCITA;7.184;6.866;14.050
;; PORTOVIEJO;108.878;114.208;223.086
;; PUEBLO NUEVO;1.645;1.524;3.169
;; RIOCHICO (RIO CHICO);6.155;5.602;11.757
;; SAN PLACIDO;3.855;3.832;7.687
;; Total;137.969;142.060;280.029
;PUERTO LOPEZ                  ; MACHALILLA;2.568;2.421;4.989
;; PUERTO LOPEZ;5.647;5.281;10.928
;; SALANGO;2.349;2.185;4.534
;; Total;10.564;9.887;20.451
;ROCAFUERTE                    ; ROCAFUERTE;16.922;16.547;33.469
;; Total;16.922;16.547;33.469
;SAN VICENTE                   ; CANOA;3.663;3.224;6.887
;; SAN VICENTE;7.601;7.537;15.138
;; Total;11.264;10.761;22.025
;SANTA ANA                     ; AYACUCHO;3.729;3.694;7.423
;; HONORATO VASQUEZ;2.994;2.892;5.886
;; LA UNION;3.354;3.112;6.466
;; SAN PABLO;2.802;2.510;5.312
;; SANTA ANA DE VUELTA LARGA;11.214;11.084;22.298
;; Total;24.093;23.292;47.385
;SUCRE                         ; BAHIA DE CARAQUEZ;13.075;13.037;26.112
;; CHARAPOTO;10.216;9.844;20.060
;; SAN ISIDRO;5.651;5.336;10.987
;; Total;28.942;28.217;57.159
;TOSAGUA                       ; ANGEL PEDRO GILER;3.212;3.070;6.282
;; BACHILLERO;1.979;1.906;3.885
;; TOSAGUA;14.336;13.838;28.174
;; Total;19.527;18.814;38.341
;Total; Total;689.299;680.481;1.369.780
Morona Santiago;GUALAQUIZA                    ; AMAZONAS (ROSARIO DE CUYES);201;211;412
;; BERMEJOS;119;104;223
;; BOMBOIZA;2.341;2.282;4.623
;; CHIGUINDA;266;286;552
;; EL IDEAL;425;396;821
;; EL ROSARIO;303;305;608
;; GUALAQUIZA;4.694;4.534;9.228
;; NUEVA TARQUI;252;259;511
;; SAN MIGUEL DE CUYES;96;88;184
;; Total;8.697;8.465;17.162
;HUAMBOYA                      ; CHIGUAZA;3.000;2.928;5.928
;; HUAMBOYA;1.316;1.222;2.538
;; Total;4.316;4.150;8.466
;LIMON INDANZA                 ; GENERAL LEONIDAS PLAZA G.;1.920;2.061;3.981
;; INDANZA;704;659;1.363
;; SAN ANTONIO;1.073;1.084;2.157
;; SAN MIGUEL DE CONCHAY;207;198;405
;; SANTA SUSANA DE CHIVIAZA;386;386;772
;; YUNGANZA;522;522;1.044
;; Total;4.812;4.910;9.722
;LOGRO헲                       ; LOGRO헲;1.054;999;2.053
;; SHIMPIS;960;933;1.893
;; YAUPI;859;918;1.777
;; Total;2.873;2.850;5.723
;MORONA                        ; ALSHI;238;187;425
;; CUCHAENTZA;909;876;1.785
;; GENERAL PROA헲;1.276;1.314;2.590
;; MACAS;9.637;9.539;19.176
;; RIO BLANCO;982;1.010;1.992
;; SAN ISIDRO;387;398;785
;; SEVILLA DON BOSCO;6.686;6.727;13.413
;; SINAI;383;383;766
;; ZU헤 (ZU헤C);113;110;223
;; Total;20.611;20.544;41.155
;PABLO VI                      ; PABLO VI;941;882;1.823
;; Total;941;882;1.823
;PALORA                        ; 16 DE AGOSTO;517;473;990
;; ARAPICOS;258;224;482
;; CUMANDA;187;158;345
;; PALORA (METZERA);1.975;1.972;3.947
;; SANGAY;609;563;1.172
;; Total;3.546;3.390;6.936
;SAN JUAN BOSCO                ; PAN DE AZUCAR;142;123;265
;; SAN CARLOS DE LIMON;412;381;793
;; SAN JACINTO DE WAKAMBEIS;105;99;204
;; SAN JUAN BOSCO;1.071;1.106;2.177
;; SANTIAGO DE PANANZA;245;224;469
;; Total;1.975;1.933;3.908
;SANTIAGO                      ; CHUPIANZA;248;219;467
;; COPAL;274;206;480
;; PATUCA;1.198;935;2.133
;; SAN FRANCISCO DE CHINIMB;521;558;1.079
;; SAN LUIS DE EL ACHO;313;305;618
;; SANTIAGO;804;706;1.510
;; SANTIAGO DE MENDEZ;1.501;1.507;3.008
;; Total;4.859;4.436;9.295
;SUCUA                         ; ASUNCION;925;978;1.903
;; HUAMBI;1.429;1.462;2.891
;; SANTA MARIANITA DE JESUS;444;461;905
;; SUCUA;6.174;6.445;12.619
;; Total;8.972;9.346;18.318
;TAISHA                        ; HUASAGA;730;779;1.509
;; MACUMA;1.943;1.942;3.885
;; PUMPUENTSA;1.231;1.222;2.453
;; TAISHA;3.126;2.823;5.949
;; TUTINENTZA;2.338;2.303;4.641
;; Total;9.368;9.069;18.437
;TIWINTZA                      ; SAN JOSE DE MORONA;1.210;1.064;2.274
;; TIWINTZA;2.669;2.052;4.721
;; Total;3.879;3.116;6.995
;Total;;74.849;73.091;147.940
Napo;ARCHIDONA                     ; ARCHIDONA;5.821;5.868;11.689
;; COTUNDO;4.252;4.124;8.376
;; SAN PABLO DE USHPAYACU;2.560;2.344;4.904
;; Total;12.633;12.336;24.969
;CARLOS JULIO AROSEMENA        ; CARLOS JULIO AROSEMENA TOLA;1.934;1.730;3.664
;; Total;1.934;1.730;3.664
;EL CHACO                      ; EL CHACO;2.430;2.386;4.816
;; GONZALO DIAZ DE PINEDA;299;236;535
;; LINARES;113;96;209
;; OYACACHI;315;305;620
;; SANTA ROSA;685;558;1.243
;; SARDINAS;286;251;537
;; Total;4.128;3.832;7.960
;QUIJOS                        ; BAEZA;970;976;1.946
;; COSANGA;288;217;505
;; CUYUJA;315;299;614
;; PAPALLACTA;492;428;920
;; SAN FRANCISCO DE BORJA;1.052;1.148;2.200
;; SUMACO;19;20;39
;; Total;3.136;3.088;6.224
;TENA                          ; AHUANO;2.873;2.706;5.579
;; CHONTAPUNTA;3.559;3.128;6.687
;; PANO;694;698;1.392
;; PUERTO MISAHUALLI;2.668;2.459;5.127
;; PUERTO NAPO;2.796;2.597;5.393
;; TALAG;1.431;1.337;2.768
;; TENA;16.922;17.012;33.934
;; Total;30.943;29.937;60.880
;Total;;52.774;50.923;103.697
Pastaza;ARAJUNO                       ; ARAJUNO;1.979;1.827;3.806
;; CURARAY;1.423;1.262;2.685
;; Total;3.402;3.089;6.491
;MERA                          ; MADRE TIERRA;794;794;1.588
;; MERA;754;767;1.521
;; SHELL;4.531;4.221;8.752
;; Total;6.079;5.782;11.861
;PASTAZA                       ; CANELOS;1.096;1.077;2.173
;; DIEZ DE AGOSTO;606;538;1.144
;; EL TRIUNFO;685;640;1.325
;; FATIMA;447;416;863
;; MONTALVO (ANDOAS);2.019;1.830;3.849
;; POMONA;131;106;237
;; PUYO;17.979;18.680;36.659
;; RIO CORRIENTES;111;124;235
;; RIO TIGRE;339;317;656
;; SARAYACU;1.271;1.285;2.556
;; SIMON BOLIVAR;2.817;2.865;5.682
;; TARQUI;1.963;1.868;3.831
;; TENIENTE HUGO ORTIZ;553;495;1.048
;; VERACRUZ (INDILLAMA);906;852;1.758
;; Total;30.923;31.093;62.016
;SANTA CLARA                   ; SAN JOSE;386;349;735
;; SANTA CLARA;1.470;1.360;2.830
;; Total;1.856;1.709;3.565
;Total;;42.260;41.673;83.933
Pichincha;CAYAMBE                       ; ASCAZUBI;2.499;2.551;5.050
;; CANGAHUA;7.920;8.311;16.231
;; CAYAMBE;24.989;25.840;50.829
;; OLMEDO (PESILLO);3.162;3.610;6.772
;; OTON;1.357;1.409;2.766
;; SANTA ROSA DE CUZUBAMBA;2.040;2.107;4.147
;; Total;41.967;43.828;85.795
;MEJIA                         ; ALOAG;4.509;4.728;9.237
;; ALOASI;4.635;5.051;9.686
;; CUTUGLAHUA;8.220;8.526;16.746
;; EL CHAUPI;710;746;1.456
;; MACHACHI;13.438;14.185;27.623
;; MANUEL CORNEJO ASTORGA;1.944;1.717;3.661
;; TAMBILLO;4.068;4.251;8.319
;; UYUMBICHO;2.259;2.348;4.607
;; Total;39.783;41.552;81.335
;PEDRO MONCAYO                 ; LA ESPERANZA;1.943;2.043;3.986
;; MALCHINGUI;2.280;2.344;4.624
;; TABACUNDO;8.163;8.240;16.403
;; TOCACHI;997;988;1.985
;; TUPIGACHI;2.928;3.246;6.174
;; Total;16.311;16.861;33.172
;PEDRO VICENTE MALDONADO       ; PEDRO VICENTE MALDONADO;6.735;6.189;12.924
;; Total;6.735;6.189;12.924
;PUERTO QUITO                  ; PUERTO QUITO;10.774;9.671;20.445
;; Total;10.774;9.671;20.445
;QUITO                         ; ALANGASI;11.851;12.400;24.251
;; AMAGUA헤;15.395;15.711;31.106
;; ATAHUALPA (HABASPAMBA);947;954;1.901
;; CALACALI;1.947;1.948;3.895
;; CALDERON (CARAPUNGO);74.682;77.560;152.242
;; CHAVEZPAMBA;403;398;801
;; CHECA (CHILPA);4.532;4.448;8.980
;; CONOCOTO;39.691;42.381;82.072
;; CUMBAYA;15.248;16.215;31.463
;; EL QUINCHE;8.015;8.041;16.056
;; GUALEA;1.073;952;2.025
;; GUANGOPOLO;1.528;1.531;3.059
;; GUAYLLABAMBA;8.199;8.014;16.213
;; LA MERCED;4.122;4.272;8.394
;; LLANO CHICO;5.205;5.468;10.673
;; LLOA;784;710;1.494
;; NANEGAL;1.417;1.219;2.636
;; NANEGALITO;1.555;1.471;3.026
;; NAYON;7.628;8.007;15.635
;; NONO;910;822;1.732
;; PACTO;2.543;2.255;4.798
;; PERUCHO;407;382;789
;; PIFO;8.235;8.410;16.645
;; PINTAG;8.815;9.115;17.930
;; POMASQUI;14.101;14.809;28.910
;; PUELLARO;2.772;2.716;5.488
;; PUEMBO;6.809;6.784;13.593
;; QUITO;783.616;835.530;1.619.146
;; SAN ANTONIO;15.912;16.445;32.357
;; SAN JOSE DE MINAS;3.775;3.468;7.243
;; TABABELA;1.400;1.423;2.823
;; TUMBACO;24.448;25.496;49.944
;; YARUQUI;8.877;8.977;17.854
;; ZAMBIZA;1.969;2.048;4.017
;; Total;1.088.811;1.150.380;2.239.191
;RUMI헤HUI                     ; COTOGCHOA;1.949;1.988;3.937
;; RUMIPAMBA;399;376;775
;; SANGOLQUI;39.569;41.571;81.140
;; Total;41.917;43.935;85.852
;SAN MIGUEL DE LOS BANCOS      ; MINDO;1.991;1.851;3.842
;; SAN MIGUEL DE LOS BANCOS;7.422;6.309;13.731
;; Total;9.413;8.160;17.573
;Total;;1.255.711;1.320.576;2.576.287
Tungurahua;AMBATO                        ; AMBATILLO;2.598;2.645;5.243
;; AMBATO;86.299;92.239;178.538
;; ATAHUALPA (CHISALATA);4.998;5.263;10.261
;; AUGUSTO N. MARTINEZ;3.962;4.229;8.191
;; CONSTANTINO FERNANDEZ;1.255;1.279;2.534
;; CUNCHIBAMBA;2.107;2.368;4.475
;; HUACHI GRANDE;5.187;5.427;10.614
;; IZAMBA;7.111;7.452;14.563
;; JUAN BENIGNO VELA;3.587;3.869;7.456
;; MONTALVO;1.961;1.951;3.912
;; PASA;3.220;3.279;6.499
;; PICAIGUA;4.022;4.261;8.283
;; PILAGUIN (PILAHUIN);5.868;6.260;12.128
;; QUISAPINCHA (QUIZAPINCHA);6.235;6.766;13.001
;; SAN BARTOLOME DE PINLLOG;4.437;4.657;9.094
;; SAN FERNANDO;1.176;1.315;2.491
;; SANTA ROSA;10.163;10.840;21.003
;; TOTORAS;3.394;3.504;6.898
;; UNAMUNCHO;2.250;2.422;4.672
;; Total;159.830;170.026;329.856
;BA헲S                         ; BA헲S;7.318;7.335;14.653
;; LLIGUA;138;142;280
;; RIO NEGRO;638;608;1.246
;; RIO VERDE;669;638;1.307
;; ULBA;1.271;1.261;2.532
;; Total;10.034;9.984;20.018
;CEVALLOS                      ; CEVALLOS;4.028;4.135;8.163
;; Total;4.028;4.135;8.163
;MOCHA                         ; MOCHA;2.698;2.806;5.504
;; PINGUILI;658;615;1.273
;; Total;3.356;3.421;6.777
;PATATE                        ; EL TRIUNFO;810;773;1.583
;; LOS ANDES;697;694;1.391
;; PATATE;4.068;4.086;8.154
;; SUCRE;1.145;1.224;2.369
;; Total;6.720;6.777;13.497
;QUERO                         ; QUERO;7.027;7.227;14.254
;; RUMIPAMBA;1.460;1.513;2.973
;; YANAYACU - MOCHAPATA;1.002;976;1.978
;; Total;9.489;9.716;19.205
;SAN PEDRO DE PELILEO          ; BENITEZ (PACHANLICA);1.082;1.101;2.183
;; BOLIVAR;1.316;1.397;2.713
;; CHIQUICHA;1.163;1.282;2.445
;; COTALO;944;908;1.852
;; EL ROSARIO (RUMICHACA);1.269;1.369;2.638
;; GARCIA MORENO (CHUMAQUI);3.056;3.324;6.380
;; GUAMBALO (HUAMBALO);3.883;3.979;7.862
;; PELILEO;11.830;12.784;24.614
;; SALASACA;2.784;3.102;5.886
;; Total;27.327;29.246;56.573
;SANTIAGO DE PILLARO           ; BAQUERIZO MORENO;132;145;277
;; EMILIO MARIA TERAN;733;771;1.504
;; MARCOS ESPINEL (CHACATA);1.100;1.234;2.334
;; PILLARO;6.313;7.070;13.383
;; PRESIDENTE URBINA;1.290;1.510;2.800
;; SAN ANDRES;5.248;5.952;11.200
;; SAN JOSE DE POALO;915;965;1.880
;; SAN MIGUELITO;2.360;2.619;4.979
;; Total;18.091;20.266;38.357
;TISALEO                       ; QUINCHICOTO;633;673;1.306
;; TISALEO;5.275;5.556;10.831
;; Total;5.908;6.229;12.137
;Total; Total;244.783;259.800;504.583
Zamora Chinchipe;CENTINELA DEL CONDOR          ; ZUMBI;3.381;3.098;6.479
;; Total;3.381;3.098;6.479
;CHINCHIPE                     ; CHITO;663;567;1.230
;; EL CHORRO;126;90;216
;; LA CHONTA;141;120;261
;; PUCAPAMBA;81;37;118
;; SAN ANDRES;241;175;416
;; ZUMBA;3.681;3.197;6.878
;; Total;4.933;4.186;9.119
;EL PANGUI                     ; EL GUISMI;798;806;1.604
;; EL PANGUI;2.492;2.496;4.988
;; PACHICUTZA;654;636;1.290
;; TUNDAYME;394;343;737
;; Total;4.338;4.281;8.619
;NANGARITZA                    ; GUAYZIMI;1.337;1.261;2.598
;; NUEVO PARAISO;312;282;594
;; ZURMI;1.039;965;2.004
;; Total;2.688;2.508;5.196
;PALANDA                       ; EL PORVENIR DEL CARMEN;793;691;1.484
;; LA CANELA;192;163;355
;; PALANDA;1.903;1.798;3.701
;; SAN FRANCISCO DE VERGEL;690;628;1.318
;; VALLADOLID;668;563;1.231
;; Total;4.246;3.843;8.089
;PAQUISHA                      ; BELLAVISTA;149;152;301
;; NUEVO QUITO;1.258;843;2.101
;; PAQUISHA;750;702;1.452
;; Total;2.157;1.697;3.854
;YACUAMBI                      ; 28 DE MAYO;1.587;1.566;3.153
;; LA PAZ;1.029;1.014;2.043
;; TUTUPALI;322;317;639
;; Total;2.938;2.897;5.835
;YANTZAZA                      ; CHICA헤;1.330;1.331;2.661
;; LOS ENCUENTROS;1.940;1.718;3.658
;; YANZATZA;6.186;6.170;12.356
;; Total;9.456;9.219;18.675
;ZAMORA                        ; CUMBARATZA;2.259;2.157;4.416
;; GUADALUPE;1.412;1.445;2.857
;; IMBANA;567;559;1.126
;; SABANILLA;301;283;584
;; SAN CARLOS DE LAS MINAS;1.280;900;2.180
;; TIMBARA;494;466;960
;; ZAMORA;7.002;6.385;13.387
;; Total;13.315;12.195;25.510
;Total;;47.452;43.924;91.376
Gal璥agos;ISABELA                       ; PUERTO VILLAMIL;1.105;987;2.092
;; TOMAS DE BERLANGA;97;67;164
;; Total;1.202;1.054;2.256
;SAN CRISTOBAL                 ; EL PROGRESO;401;257;658
;; ISLA SANTA MARIA (FLOREANA);88;57;145
;; PUERTO BAQUERIZO MORENO;3.498;3.174;6.672
;; Total;3.987;3.488;7.475
;SANTA CRUZ                    ; BELLAVISTA;1.251;1.174;2.425
;; PUERTO AYORA;6.064;5.910;11.974
;; SANTA ROSA;517;477;994
;; Total;7.832;7.561;15.393
;Total;;13.021;12.103;25.124
Sucumb癌s;CASCALES                      ; EL DORADO DE CASCALES;3.955;3.619;7.574
;; SANTA ROSA DE SUCUMBIOS;442;339;781
;; SEVILLA;1.410;1.339;2.749
;; Total;5.807;5.297;11.104
;CUYABENO                      ; AGUAS NEGRAS;771;692;1.463
;; CUYABENO;219;173;392
;; TARAPOA;3.042;2.236;5.278
;; Total;4.032;3.101;7.133
;GONZALO PIZARRO               ; EL REVENTADOR;802;699;1.501
;; GONZALO PIZARRO;1.503;1.452;2.955
;; LUMBAQUI;1.724;1.501;3.225
;; PUERTO LIBRE;494;424;918
;; Total;4.523;4.076;8.599
;LAGO AGRIO                    ; DURENO;1.431;1.325;2.756
;; EL ENO;3.424;3.212;6.636
;; GENERAL FARFAN;3.691;3.078;6.769
;; JAMBELI;1.772;1.543;3.315
;; NUEVA LOJA;29.017;28.710;57.727
;; PACAYACU;4.440;3.809;8.249
;; STA. CECILIA;3.191;3.101;6.292
;; Total;46.966;44.778;91.744
;PUTUMAYO                      ; PALMA ROJA;2.132;1.822;3.954
;; PUERTO BOLIVAR;240;39;279
;; PUERTO EL CARMEN DEL PUTUMAYO;1.818;1.633;3.451
;; PUERTO RODRIGUEZ;312;184;496
;; SANTA ELENA;1.093;901;1.994
;; Total;5.595;4.579;10.174
;SHUSHUFINDI                   ; LIMONCOCHA;4.086;2.731;6.817
;; PA헤COCHA;438;422;860
;; SAN PEDRO DE LOS COFANES;1.729;1.597;3.326
;; SAN ROQUE;1.742;1.394;3.136
;; SHUSHUFINDI;14.116;12.260;26.376
;; SIETE DE JULIO;2.044;1.769;3.813
;; Total;24.155;20.173;44.328
;SUCUMBIOS                     ; EL PLAYON DE SAN FRANCIS;741;673;1.414
;; LA BONITA;410;401;811
;; LA SOFIA;60;44;104
;; ROSA FLORIDA;190;192;382
;; SANTA BARBARA;369;310;679
;; Total;1.770;1.620;3.390
;Total;;92.848;83.624;176.472
Orellana;AGUARICO                      ; CAPITAN AUGUSTO RIBADENEYRA;350;351;701
;; CONONACO;269;250;519
;; NUEVO ROCAFUERTE;527;497;1.024
;; SANTA MARIA DE HUIRIRIMA;390;339;729
;; TIPUTINI;966;631;1.597
;; YASUNI;150;127;277
;; Total;2.652;2.195;4.847
;LA JOYA DE LOS SACHAS         ; ENOKANQUI;1.222;1.140;2.362
;; LA JOYA DE LOS SACHAS;9.433;8.501;17.934
;; LAGO SAN PEDRO;988;873;1.861
;; POMPEYA;606;598;1.204
;; RUMIPAMBA;1.102;891;1.993
;; SAN CARLOS;1.539;1.307;2.846
;; SAN SEBASTIAN DEL COCA;1.742;1.611;3.353
;; TRES DE NOVIEMBRE;1.677;1.461;3.138
;; UNION MILAGRE헤;1.607;1.293;2.900
;; Total;19.916;17.675;37.591
;LORETO                        ; AVILA;2.259;2.072;4.331
;; LORETO;2.179;2.048;4.227
;; PUERTO MURIALDO;1.766;1.609;3.375
;; SAN JOSE DE DAHUANO;2.644;2.403;5.047
;; SAN JOSE DE PAYAMINO;1.629;1.496;3.125
;; SAN VICENTE DE HUATICOCHA;562;496;1.058
;; Total;11.039;10.124;21.163
;ORELLANA                      ; ALEJANDRO LABAKA;647;590;1.237
;; DAYUMA;3.524;2.774;6.298
;; EL DORADO;872;767;1.639
;; EL EDEN;469;431;900
;; GARCIA MORENO;594;497;1.091
;; INES ARANGO;1.617;1.421;3.038
;; LA BELLEZA;2.180;1.953;4.133
;; NUEVO PARAISO;1.538;1.179;2.717
;; PUERTO FRANCISCO DE ORELLANA;23.598;21.565;45.163
;; SAN JOSE DE GUAYUSA;1.032;919;1.951
;; SAN LUIS DE ARMENIA;1.049;963;2.012
;; TARACOA;1.403;1.213;2.616
;; Total;38.523;34.272;72.795
;Total;;72.130;64.266;136.396
Santo Domingo;SANTO DOMINGO DE LOS TSACHILAS; ALLURIQUIN;5.023;4.702;9.725
;; EL ESFUERZO;3.020;2.743;5.763
;; LUZ DE AMERICA;5.690;5.191;10.881
;; PUERTO LIMON;4.892;4.452;9.344
;; SAN JACINTO DEL BUA;6.134;5.584;11.718
;; SANTA MARIA DEL TOACHI;2.991;2.624;5.615
;; SANTO DOMINGO DE LOS COLORADOS;150.428;155.204;305.632
;; VALLE HERMOSO;4.880;4.455;9.335
;; Total;183.058;184.955;368.013
;Total;;183.058;184.955;368.013
Santa Elena;LIBERTAD                      ; LA LIBERTAD;48.030;47.912;95.942
;; Total;48.030;47.912;95.942
;SALINAS                       ; ANCONCITO;6.116;5.706;11.822
;; JOSE LUIS TAMAYO;11.054;11.010;22.064
;; SALINAS;18.266;16.523;34.789
;; Total;35.436;33.239;68.675
;SANTA ELENA                   ; ATAHUALPA;1.689;1.843;3.532
;; CHANDUY;8.337;8.026;16.363
;; COLONCHE;16.158;15.164;31.322
;; MANGLARALTO;15.200;14.312;29.512
;; SAN JOSE DE ANCON;3.439;3.438;6.877
;; SANTA ELENA;26.816;26.358;53.174
;; SIMON BOLIVAR;1.757;1.539;3.296
;; Total;73.396;70.680;144.076
;Total;;156.862;151.831;308.693
Zonas No Delimitadas;EL PIEDRERO                   ; EL PIEDRERO;3.305;3.019;6.324
;; Total;3.305;3.019;6.324
;LAS GOLONDRINAS               ; LAS GOLONDRINAS;2.768;2.534;5.302
;; Total;2.768;2.534;5.302
;MANGA DEL CURA                ; MANGA DEL CURA;11.083;9.675;20.758
;; Total;11.083;9.675;20.758
;Total;;17.156;15.228;32.384
